Camera,SD_Card,Round,ForestType,Forest,Season,inv_simp,div_shan,ForestSimpson,ForestShannon,ForestSR,meanTreeDensity,meanTreeDominance,meanSeedlingSaplingDensity,meanSSDominance,MeanAllDensity,meanAllDominance,SpecRichness,NumDeer,RoadDensity50,PlotSize50,Aspect50,Slope50,P_Water50,P_Mixed50,P_Evergreen50,P_Deciduous50,P_Forest50,P_Development50,P_Agriculture50,P_Barren50,P_Shrub50,P_Wetland50,P_Herb50,PPT_50,Elevation50,Cam_Model,Cam_Orient,PPT_100,Slope100,Elevation100,RoadDensity100,PlotSize100,Cam_Orient100,Aspect100,P_Water100,P_Mixed100,P_Evergreen100,P_Deciduos100,P_Forest100,P_Development100,P_Agriculture100,P_Barren100,P_Shrub100,P_Wetland100,P_Herb100
2,7,1,Pine,WHIP,Winter,NA,NA,0.66,1.45,8.5,815,489700.1727,37166.66667,35473.81705,37979.16667,52.51739898,NA,NA,1.504610742,950.580053,0,2.8624053,0,0,81.362007,10.035842,91.397849,0.358423,0,0,3.046595,5.376344,0,104.4986038,273,Bushnell HD,240,120.1684036,13.83230305,223,0,561.5631565,322,293.9624939,3.240324,1.980198,,94.059406,96.039604,0,0,0,0,0.540054,0
3,5,1,Deciduous,SH,Winter,2,0.693147181,0.76,1.71,8.3,551.25,214605.9248,7000,32724.92347,7550,24.73308483,2,1,0.727051544,950.580053,NA,0,0,10.215054,51.971326,7.706093,69.892473,0,27.319355,0,0,1.433692,1.971326,98.48180389,235,Bushnell HD,328,102.7360001,10.82504368,266,0,474.1317962,352,78.69007111,0,2.430243,4.950495,88.388839,95.769577,0,0,0,0,4.410441,0
4,26,1,Pine,WF,Winter,1.882352941,0.661563238,0.64,1.2,5.5,615,276722.182,9333.333333,48171.08736,9933.333333,32.48932693,2,5,0,520.20841,45,2.02486825,0,14.695341,45.16129,34.767025,94.623656,0,0,0,0,5.376344,0,104.4089966,220,Bushnell HD,92,85.59600067,2.8624053,130,0,726.1271087,46,90,0.990099,2.790279,47.434743,38.613861,88.838883,0,0,0,2.520252,7.470747,0
6,2,1,Deciduous,DON,Winter,NA,NA,0.76,1.63,7.3,665.2777778,260941.2749,3000,4450.589593,3633.333333,26.53918644,NA,NA,0,726.127109,251.565048,2.263636112,0,1.075269,70.250896,27.060932,98.387097,0,0,0,1.612903,0,0,94.0141983,132,Browning ,304,96.62519836,6.379370213,276,0.670186,520.2084104,80,206.5650482,1.80018,2.970297,20.882088,68.676868,92.529253,0,0.990099,0,0,3.780378,0.990099
8,23,1,Pine,DEG,Winter,NA,NA,0.34,0.61,3,346.875,352926.4533,1888.888889,3577.924967,2238.888889,35.65043782,NA,NA,0,950.580053,NA,0,0,13.261649,45.878136,27.419355,86.55914,0,0,0,4.121864,10.215054,0,96.56919861,237,Browning ,70,99.28639984,6.457954884,255,0.684001,520.2084104,81,6.340190887,,6.390639,24.482448,56.79568,87.668767,0.180018,4.050405,,4.680468,0.270027,3.060306
9,25,1,Pine,WF,Winter,2,0.693147181,0.64,1.2,5.5,615,276722.182,9333.333333,48171.08736,9933.333333,32.48932693,2,1,0.939955613,520.20841,6.34019089,6.457954884,0,7.706093,37.455197,48.566308,93.727598,0,0.716846,0,2.508961,0,3.405018,85.59600067,255,Bushnell HD,81,94.92060089,8.111279488,127,0,726.1271087,142,15.25511837,1.890189,1.080108,45.634563,47.524752,94.239423,0,1.980198,0,0.810081,1.530153,0
10,10,1,Deciduous,SH,Winter,NA,NA,0.76,1.71,8.3,551.25,214605.9248,7000,32724.92347,7550,24.73308483,NA,NA,0.456875405,561.563156,154.983109,22.48092842,0,4.121864,2.508961,92.65233,99.283155,0,0,0,0,1.25448,0,95.92179871,270,Bushnell HD,271,91.81259918,9.256682396,122,0.261651,726.1271087,30,265.6012878,9.0009,0,18.811881,50.405041,69.216922,0.630063,0.540054,0,5.130513,12.961296,2.430243
11,13,1,Deciduous,BC,Winter,2.17971196,1.113545986,0.61,1.07,4.5,737.5,191816.2227,32333.33333,72518.43042,33070.83333,26.43346531,7,7,0,726.127109,135,1.012750387,7.168459,0.896057,24.014337,60.573477,85.483871,0,0,0,3.942652,1.612903,2.688172,123.1381989,128,Bushnell HD,302,95.92179871,16.05431557,117,0,726.1271087,46,87.51044464,3.150315,1.710171,37.443744,49.234923,88.388838,0,6.120612,0,0.810081,1.530153,0
14,22,1,Deciduous,DON,Winter,1.587044534,0.804507271,0.76,1.63,7.3,665.2777778,260941.2749,3000,4450.589593,3633.333333,26.53918644,5,22,0.19934951,520.20841,325.30484,11.179986,0,11.290323,32.795699,48.924731,93.010753,0.179211,0,0,0,7.168459,0,84.79499817,219,Bushnell HD,7,92.13800049,8.588925362,258,0.046707,950.5800525,215,335.556,0,4.320432,46.354635,38.073807,88.748874,0.180018,0,0.090009,1.170117,6.210621,3.420342
15,14,1,Pine,DEG,Winter,1.062439024,0.135793959,0.34,0.61,3,346.875,352926.4533,1888.888889,3577.924967,2238.888889,35.65043782,2,64,0,726.127109,251.565048,2.263636112,0,1.075269,70.250896,27.060932,98.387097,0,0,0,1.612903,0,0,122.7335968,132,Browning ,288,119.0617981,3.199601412,257,0.341941,520.2084104,78,296.5650635,0,9.630963,13.321332,72.9973,95.949595,0,4.680468,0,0,0,0
17,24,1,Deciduous,BC,Winter,2.007156309,0.822541605,0.61,1.07,4.5,737.5,191816.2227,32333.33333,72518.43042,33070.83333,26.43346531,4,45,0.445029083,474.131796,NA,0,3.763441,1.792115,40.681004,46.057348,88.530467,0,0,0,1.612903,6.989247,0,96.62519836,262,Browning ,157,98.8789978,4.044691086,142,0,637.1882833,284,315,4.140414,0,0,84.608461,84.608461,0,0,0,2.160216,9.090909,0
18,16,1,Pine,WHIP,Winter,2.105263158,0.981941601,0.66,1.45,8.5,815,489700.1727,37166.66667,35473.81705,37979.16667,52.51739898,4,13,0,520.20841,26.5650501,3.199601412,0,3.584229,35.483871,56.810036,95.878136,4.659498,0,0,0,0,0,84.79499817,206,Browning ,16,85.8302002,2.8624053,273,1.183714,950.5800525,240,0,0,2.250225,66.606661,19.531953,88.388839,1.620162,0.540054,0,4.860486,4.140414,0.450045
21,21,1,Deciduous,DON,Winter,1.470588235,0.500402424,0.76,1.63,7.3,665.2777778,260941.2749,3000,4450.589593,3633.333333,26.53918644,2,NA,0,520.20841,296.565063,3.199601412,0,9.856631,8.243728,80.286738,98.387097,0,0.896057,0,0,0,0,92.13800049,257,Bushnell HD,78,92.95980072,3.035723686,253,0.551039,950.5800525,232,0,0,3.870387,56.165617,29.522952,89.558956,0,6.660666,0,3.420342,0,0
22,18,1,Pine,WF,Winter,1.293543307,0.454413145,0.64,1.2,5.5,615,276722.182,9333.333333,48171.08736,9933.333333,32.48932693,3,97,0,561.563156,300.963745,16.25391769,0,1.25448,1.25448,98.207885,100.716845,0,0,0,0,0,0,92.95980072,231,Bushnell HD,63,97.375,5.710593224,305,0.631112,950.5800525,358,0,3.77697842,2.607914,2.697842,80.935252,86.241008,0,0,0,1.798561,8.183453,0
23,3,1,Deciduous,SH,Winter,1.831775701,0.904996116,0.76,1.71,8.3,551.25,214605.9248,7000,32724.92347,7550,24.73308483,5,20,0,637.188283,288.434937,8.984876633,1.25448,2.150538,15.591398,58.960573,76.702509,0,0,0,0,22.580645,0,92.54319763,126,Bushnell HD,222,92.54319763,8.646670341,251,0,561.5631565,200,189.462326,2.250225,0.720072,4.410441,88.838884,93.969397,0,0,0,0,3.510351,0
24,4,1,Deciduous,BC,Winter,1.362264151,0.436162325,0.61,1.07,4.5,737.5,191816.2227,32333.33333,72518.43042,33070.83333,26.43346531,2,16,0.469279342,474.131796,315,1.012750387,9.856631,0.358423,23.476703,62.903226,86.738352,0,0,0,0,3.046595,0,94.88400269,255,Bushnell HD,278,102.7360001,9.256682396,260,0.639446,474.1317962,30,302.4711914,1.170117,1.170117,66.246625,23.852385,91.269127,0,0,0,0,5.850585,1.620162
25,9,1,Deciduous,SH,Winter,4.05,1.565445107,0.76,1.71,8.3,551.25,214605.9248,7000,32724.92347,7550,24.73308483,6,7,0,637.188283,231.340195,9.094640732,0,0,0.537634,73.835125,74.372759,0,0,0,0.896057,23.11828,1.971326,92.54319763,113,Browning ,13,97.68659973,22.48092842,270,0.542422,561.5631565,271,154.9831085,0.810081,2.070207,1.260126,93.69937,97.029703,0,0,0,0,1.710171,0
27,8,1,Deciduous,DON,Winter,1.814814815,0.79631164,0.76,1.63,7.3,665.2777778,260941.2749,3000,4450.589593,3633.333333,26.53918644,3,5,0.054430636,474.131796,315,1.012750387,1.25448,3.225806,51.612903,31.72043,86.559139,0,0,0,0,10.035842,2.150538,94.6989975,256,Browning ,348,120.1684036,10.82504368,255,0.594524,561.5631565,51,78.69007111,3.240324,1.170117,6.660666,83.168317,90.9991,0,0,0,0,6.120612,0
28,15,1,Pine,DEG,Winter,1,0,0.34,0.61,3,346.875,352926.4533,1888.888889,3577.924967,2238.888889,35.65043782,1,NA,0,474.131796,78.6900711,10.82504368,0,4.83871,6.451613,83.691756,94.982079,0,0,0,0,5.197133,0,98.40180206,266,Bushnell HD,352,104.4986038,3.64697051,250,0.619,950.5800525,185,258.6900635,0,11.611161,24.30243,62.736274,98.649865,0,0,0,0,1.80018,0
29,19,1,Pine,DEG,Winter,1.082033032,0.204033461,0.34,0.61,3,346.875,352926.4533,1888.888889,3577.924967,2238.888889,35.65043782,4,148,0,637.188283,315,4.044691086,5.376344,0,0,90.143369,90.143369,0,0,0,2.150538,3.046595,0,94.92060089,142,Bushnell HD,284,120.1684036,16.25391769,231,0,561.5631565,63,300.9637451,0,0,1.260126,97.29973,98.559856,0,0,0,1.260126,0.180018,0
30,20,1,Deciduous,BC,Winter,1,0,0.61,1.07,4.5,737.5,191816.2227,32333.33333,72518.43042,33070.83333,26.43346531,NA,NA,0,520.20841,303.690063,5.150652409,0,2.508961,3.942652,91.935484,98.387097,0,0,0,2.508961,0,0,99.76599884,262,Bushnell HD,241,99.76599884,5.150652409,262,0.322726,520.2084104,241,303.6900635,0,4.860486,6.570657,78.937894,90.369037,0,0,0,9.630963,0,0
31,6,1,Pine,WHIP,Winter,1.588588589,0.752916809,0.66,1.45,8.5,815,489700.1727,37166.66667,35473.81705,37979.16667,52.51739898,1,4,0,726.127109,0,2.8624053,1.971326,2.508961,59.498208,32.97491,94.982079,0,0,0,1.612903,0,1.433692,85.30079651,125,Bushnell HD,13,98.40180206,0,251,1.708201,474.1317962,12,NA,1.890189,0.720072,70.027003,10.80108,81.548155,0,0,0,1.260126,10.891089,4.680468
32,17,1,Pine,WHIP,Winter,1.260206371,0.425227591,0.66,1.45,8.5,815,489700.1727,37166.66667,35473.81705,37979.16667,52.51739898,4,18,0,726.127109,23.19859,5.438007832,8.960573,1.792115,50.179211,35.125448,87.096774,0,0,0,1.612903,2.867384,0,91.81259918,121,Browning ,297,123.1381989,5.438007832,254,0.658475,474.1317962,105,336.8014221,2.070207,0.990099,44.194419,47.074707,92.259225,0,0,0,0.090009,4.230423,1.620162
33,1,1,Pine,WF,Winter,1.84417285,1.002204018,0.64,1.2,5.5,615,276722.182,9333.333333,48171.08736,9933.333333,32.48932693,3,47,0,561.563156,349.69516,15.61612988,3.942652,0,0.537634,93.727599,94.265233,0,0,0,0,1.792114,0,99.28639984,195,Browning ,185,96.86520386,1.012750387,251,0.471178,474.1317962,0,315,5.940594,0.990099,55.535554,24.662466,81.188119,0,0,0,0.810081,11.251125,0.990099
2,42,2,Pine,WHIP,Spring,1.466666667,0.663179453,0.66,1.45,8.5,815,489700.1727,37166.66667,35473.81705,37979.16667,52.51739898,4,18,0.729647265,474.131796,315,1.012750387,6.272401,0,66.129032,16.487455,82.616487,0,0,0,1.612903,9.498208,0,85.8302002,251,Bushnell HD,0,85.8302002,0,235,0.592534,950.5800525,328,NA,0,7.740774,45.094509,13.591359,66.426642,0,30.60306,0,0.540054,1.350135,0.990099
3,7,2,Deciduous,SH,Spring,1,0,0.76,1.71,8.3,551.25,214605.9248,7000,32724.92347,7550,24.73308483,3,28,0,637.188283,166.429565,20.45103073,1.612903,0,0,81.003584,81.003584,0,0,0,0,18.100358,0,88.53279877,145,Bushnell HD,306,96.40039825,1.012750387,263,0.604183,950.5800525,178,315,0,6.570657,59.765977,30.513051,96.849685,0.630063,0,0,2.070207,0.630063,0
4,36,2,Pine,WF,Spring,1.279670975,0.437494957,0.64,1.2,5.5,615,276722.182,9333.333333,48171.08736,9933.333333,32.48932693,3,29,1.053959516,561.563156,108.434952,8.984876633,1.075269,2.867384,0,84.946237,87.813621,0,0,0,0,10.035842,0,97.68659973,279,Browning ,226,85.30079651,14.03624344,121,0.60961,726.1271087,280,90,5.40054,0.810081,15.211521,63.276328,79.29793,2.160216,0,0,8.460846,1.80018,2.790279
6,9,2,Deciduous,DON,Spring,NA,NA,0.76,1.63,7.3,665.2777778,260941.2749,3000,4450.589593,3633.333333,26.53918644,NA,NA,1.025270355,726.127109,289.798889,18.37304306,0,3.942652,22.939068,56.272401,83.154121,4.301075,0.896057,0,0.179211,12.18638,0,91.68359375,111,Browning ,51,90.55780029,3.64697051,134,0,726.1271087,146,258.6900635,2.070207,1.440144,26.462646,46.264626,74.167416,0,0,0,4.950495,16.471647,1.980198
8,11,2,Pine,DEG,Spring,1,0,0.34,0.61,3,346.875,352926.4533,1888.888889,3577.924967,2238.888889,35.65043782,1,5,1.542222632,520.20841,315,1.012750387,0,0,25.806452,58.602151,84.408603,4.301075,0,0,2.867384,8.781362,0,104.4089966,199,Bushnell HD,58,94.6006012,1.012750387,128,0,726.1271087,302,135,5.670567,1.260126,23.312331,57.335734,81.908191,0,0,0,7.380738,2.160216,2.790279
9,34,2,Pine,WF,Spring,NA,NA,0.64,1.2,5.5,615,276722.182,9333.333333,48171.08736,9933.333333,32.48932693,NA,NA,0,726.127109,87.5104446,16.05431557,2.150538,1.25448,37.275986,50.179211,88.709677,0,7.526882,0,1.612903,0.358423,0,123.1381989,117,Bushnell HD,46,104.4089966,5.051152706,274,0,561.5631565,161,98.13010406,1.170117,1.080108,0,97.479748,98.559856,0,0,0,0,0,0
10,25,2,Deciduous,SH,Spring,1,0,0.76,1.71,8.3,551.25,214605.9248,7000,32724.92347,7550,24.73308483,1,3,2.441356311,474.131796,NA,0,0,0,84.767025,1.075269,85.842294,1.792115,0,0,0,7.526882,5.555556,96.62519836,251,Browning ,12,88.53279877,20.45103073,145,0,637.1882833,306,166.4295654,1.980198,0,0,82.358236,82.358236,0,0.090009,0,0,14.221422,1.260126
11,21,2,Deciduous,BC,Spring,NA,NA,0.61,1.07,4.5,737.5,191816.2227,32333.33333,72518.43042,33070.83333,26.43346531,NA,NA,0,637.188283,135,1.012750387,2.329749,0,2.150538,82.97491,85.125448,0,0,0,0,13.082437,0,96.86520386,147,Bushnell HD,98,93.27200317,1.012750387,147,0,637.1882833,98,135,6.750675,0,1.530153,74.527453,76.057606,0,0,0,0,16.20162,0.990099
14,5,2,Deciduous,DON,Spring,2.571428571,1.011404265,0.76,1.63,7.3,665.2777778,260941.2749,3000,4450.589593,3633.333333,26.53918644,3,2,1.610240456,474.131796,225,1.012750387,0,0.537634,60.9319,24.551971,86.021505,0,0,0,8.064516,3.584229,1.971326,96.62519836,254,Bushnell HD,334,94.0141983,8.984876633,126,0.102861,637.1882833,222,288.4349365,0.630063,1.080108,7.830783,67.866787,76.777678,0.270027,0,0,0,21.242124,0.810081
15,35,2,Pine,DEG,Spring,1.851851852,0.801818553,0.34,0.61,3,346.875,352926.4533,1888.888889,3577.924967,2238.888889,35.65043782,3,7,0.661620612,726.127109,333.434937,6.379370213,0,0.896057,17.741935,58.422939,77.060931,2.867384,0,0,0,20.250896,0,123.1381989,99,Browning ,206,97.68659973,2.263636112,286,0.605299,561.5631565,256,251.5650482,2.790279,0.270027,1.890189,90.549055,92.709271,0,0,0,1.80018,3.060306,0
17,8,2,Deciduous,BC,Spring,4.196721311,1.748745878,0.61,1.07,4.5,737.5,191816.2227,32333.33333,72518.43042,33070.83333,26.43346531,9,13,1.23360469,474.131796,NA,0,0,1.433692,58.602151,18.817204,78.853047,0,0,0,8.243728,13.261649,0,96.62519836,250,Browning ,218,98.48180389,1.012750387,231,0.309171,950.5800525,121,225,0,10.531053,40.054005,29.612961,80.198019,0,0.720072,0,2.070207,17.371737,0
18,40,2,Pine,WHIP,Spring,1.846322722,1.054850691,0.66,1.45,8.5,815,489700.1727,37166.66667,35473.81705,37979.16667,52.51739898,8,42,0,561.563156,293.962494,13.83230305,0,3.942652,0,96.057348,100,0,0,0,0,0,0,92.95980072,223,Bushnell HD,322,92.54319763,4.289153576,279,0,561.5631565,172,270,2.70027,3.330333,5.580558,81.638164,90.549055,0,0,0,1.170117,6.210621,0
21,1,2,Deciduous,DON,Spring,1.246153846,0.348832096,0.76,1.63,7.3,665.2777778,260941.2749,3000,4450.589593,3633.333333,26.53918644,2,8,0,726.127109,265.601288,9.256682396,16.129032,0,13.620072,57.885305,71.505377,0,0,0,3.046595,10.035842,0,120.1684036,122,Bushnell HD,30,104.4089966,9.256682396,270,0.606199,561.5631565,244,237.5288086,0.810081,1.620162,2.610261,94.779478,99.009901,0,0,0,0,0.450045,0
22,31,2,Pine,WF,Spring,1.491285403,0.74078806,0.64,1.2,5.5,615,276722.182,9333.333333,48171.08736,9933.333333,32.48932693,7,60,0.267861281,726.127109,90,14.03624344,4.480287,0,10.215054,67.02509,77.240144,1.433692,0,0,13.082437,0,3.763441,120.1684036,121,Bushnell HD,280,84.79499817,2.8624053,125,0,726.1271087,13,0,1.890189,1.80018,51.935194,36.993699,90.729073,0,0,0,1.620162,4.230423,1.260126
23,16,2,Deciduous,SH,Spring,1.515151515,0.63903186,0.76,1.71,8.3,551.25,214605.9248,7000,32724.92347,7550,24.73308483,3,8,0,950.580053,225,1.012750387,0,13.620072,31.362007,31.003584,75.985663,0,0,0,0.537634,23.11828,0,97.57499695,231,Bushnell HD,121,96.86520386,3.199601412,262,1.365891,474.1317962,354,296.5650635,0.630063,0.810081,57.69577,27.90279,86.408641,1.350135,0,0,2.070207,5.580558,4.230423
24,18,2,Deciduous,BC,Spring,2.456090652,1.123819294,0.61,1.07,4.5,737.5,191816.2227,32333.33333,72518.43042,33070.83333,26.43346531,6,28,0,950.580053,NA,0,3.046595,7.526882,15.412186,70.071685,93.010753,0,0,0,0.896057,3.225806,0,97.57499695,277,Browning ,37,119.0617981,14.88256741,227,1.181472,520.2084104,168,131.1859283,0,4.050405,25.292529,60.846085,90.189019,5.580558,0,0,0,3.780378,0
25,6,2,Deciduous,SH,Spring,1.28,0.376770161,0.76,1.71,8.3,551.25,214605.9248,7000,32724.92347,7550,24.73308483,2,7,0,726.127109,225,1.012750387,0,1.075269,70.071685,28.136201,99.283155,0,0,0,1.612903,0,0,120.1684036,132,Browning ,280,98.40180206,1.012750387,254,1.337998,474.1317962,334,225,0.630063,1.350135,60.756076,25.20252,87.308731,0.180018,0,0,4.140414,6.30063,1.440144
27,3,2,Deciduous,DON,Spring,1,0,0.76,1.63,7.3,665.2777778,260941.2749,3000,4450.589593,3633.333333,26.53918644,1,4,0,474.131796,108.434952,2.263636112,0,5.017921,12.18638,35.483871,52.688172,0,0,0,0,47.491039,0,94.88400269,246,Browning ,200,91.68359375,18.54197884,156,0.448026,637.1882833,234,153.4349518,0,0,0,54.275428,54.275428,1.980198,10.171017,0,9.540954,24.482448,0.090009
28,38,2,Pine,DEG,Spring,1.724137931,0.610864302,0.34,0.61,3,346.875,352926.4533,1888.888889,3577.924967,2238.888889,35.65043782,2,7,0,726.127109,90,2.8624053,1.971326,3.225806,47.670251,37.634409,88.530466,0,0,0,3.405018,6.630824,0,91.81259918,130,Bushnell HD,46,94.88400269,0,144,0,637.1882833,189,NA,1.890189,0,0.990099,78.217822,79.207921,0,0,0,2.70027,16.561656,0
29,12,2,Pine,DEG,Spring,1.208219178,0.314492201,0.34,0.61,3,346.875,352926.4533,1888.888889,3577.924967,2238.888889,35.65043782,2,19,0,950.580053,335.556,8.588925362,,4.121864,45.878136,43.189964,93.189964,0,0,0,0,6.989247,0,102.7360001,258,Bushnell HD,215,89.65440369,0,140,0,637.1882833,178,NA,3.330333,0,1.890189,78.937894,80.828083,0,0,0,0,16.20162,0
30,22,2,Deciduous,BC,Spring,2.571746385,1.230779542,0.61,1.07,4.5,737.5,191816.2227,32333.33333,72518.43042,33070.83333,26.43346531,6,39,0,561.563156,98.1301041,5.051152706,0,0,0,100,100,0,0,0,0,0,0,99.28639984,274,Bushnell HD,161,99.76599884,11.30993271,189,0.756377,520.2084104,233,180,,1.530153,16.291629,70.29703,88.118812,2.610261,,,8.640864,0.360036,
31,41,2,Pine,WHIP,Spring,1.684210526,0.73562194,0.66,1.45,8.5,815,489700.1727,37166.66667,35473.81705,37979.16667,52.51739898,3,6,0,637.188283,NA,0,4.301075,0,0,87.992832,87.992832,0,0,0,0,6.09319,1.612903,90.55780029,140,Bushnell HD,180,97.57499695,0,140,0,637.1882833,180,NA,5.040504,0,0,76.59766,76.59766,0,0,0,0.720072,13.321332,4.230423
32,39,2,Pine,WHIP,Spring,1.8,0.636514168,0.66,1.45,8.5,815,489700.1727,37166.66667,35473.81705,37979.16667,52.51739898,2,2,0.513261553,726.127109,180,11.30993271,0,1.075269,28.494624,65.949821,95.519714,1.792115,0,0,2.867384,0.358423,0.537634,85.30079651,119,Browning ,263,96.62519836,2.02486825,220,0,520.2084104,92,45,0,10.80108,35.283528,49.50495,95.589558,0,0,0,0.270027,4.410441,0
33,32,2,Pine,WF,Spring,1,0,0.64,1.2,5.5,615,276722.182,9333.333333,48171.08736,9933.333333,32.48932693,1,3,0,520.20841,NA,0,0,0,8.781362,34.408602,43.189964,0,11.648746,0,41.577061,2.508961,0,99.76599884,196,Browning ,17,123.1381989,1.012750387,255,0.549441,474.1317962,278,315,5.490549,0.540054,27.092709,63.546355,91.179118,,,,0.360036,2.880288,0.360036
1,12,3,Deciduous,DON,Summer,NA,NA,0.76,1.63,7.3,665.2777778,260941.2749,3000,4450.589593,3633.333333,26.53918644,NA,NA,0.820084703,520.20841,206.565048,6.379370213,1.792115,1.971326,30.645161,58.602151,91.218638,0,0,0,0,7.168459,0,104.4089966,276,Bushnell HD,80,99.28639984,11.179986,219,0.782655,520.2084104,7,325.3048401,0,8.10081,26.192619,56.075608,90.369037,3.690369,0,0,0,5.580558,0
3,5,3,Deciduous,SH,Summer,2.666666667,1.039720771,0.76,1.71,8.3,551.25,214605.9248,7000,32724.92347,7550,24.73308483,1,1,0,726.127109,258.690063,3.64697051,4.121864,1.612903,30.824373,49.283154,81.72043,0,0,0,3.584229,8.064516,2.508961,91.68359375,134,Bushnell HD,146,97.68659973,8.984876633,279,0.756377,561.5631565,196,108.4349518,4.320432,2.070207,0,85.688569,87.758776,0,0,0,0.810081,7.380738,0
4,11,3,Pine,WHIP,Summer,NA,NA,0.66,1.45,8.5,815,489700.1727,37166.66667,35473.81705,37979.16667,52.51739898,NA,NA,0.905170002,474.131796,296.565063,3.199601412,1.25448,1.25448,63.261649,27.419355,91.935484,0,0,0,0,4.121864,2.150538,85.8302002,262,Bushnell HD,354,92.54319763,8.984876633,279,0.756377,561.5631565,226,108.4349518,4.320432,2.070207,0,85.688569,87.758776,0,0,0,0.810081,7.380738,0
6,41,3,Deciduous,DON,Summer,1.222545455,0.421126771,0.76,1.63,7.3,665.2777778,260941.2749,3000,4450.589593,3633.333333,26.53918644,4,37,0.44764805,561.563156,124.380348,16.05431557,0,2.867384,3.225806,91.397849,97.491039,0,0,0,0,2.329749,0,97.68659973,257,Browning ,331,104.4089966,11.69020844,227,0,561.5631565,278,295.0169067,0,0.630063,2.160216,95.769577,98.559856,0,0,0,0,1.440144,0
6,42,3,Pine,WF,Summer,NA,NA,0.64,1.2,5.5,615,276722.182,9333.333333,48171.08736,9933.333333,32.48932693,NA,NA,0.698624119,474.131796,59.0362434,4.168739796,0,3.046595,69.892473,10.035842,82.97491,0.179211,0,0,0,17.383513,0,83.87879944,250,Browning ,298,98.48180389,0,277,0,950.5800525,37,NA,2.70027,6.750675,13.231323,66.156616,86.138614,0,0,0,2.430243,8.460846,0.360036
7,9,3,Deciduous,DON,Summer,NA,NA,0.76,1.63,7.3,665.2777778,260941.2749,3000,4450.589593,3633.333333,26.53918644,NA,NA,0,474.131796,NA,0,0.179211,0,68.458781,17.204301,85.663082,0,0,0,0,13.261649,1.433692,87.71920013,250,Browning ,18,83.87879944,4.520227432,222,0,950.5800525,224,341.5651,1.080108,10.441044,42.934293,31.50315,84.878487,0,2.340234,0,0,11.971197,0
8,21,3,Pine,DEG,Summer,NA,NA,0.34,0.61,3,346.875,352926.4533,1888.888889,3577.924967,2238.888889,35.65043782,NA,NA,0,520.20841,258.690063,14.30291462,0.537634,8.243728,37.275986,39.784946,85.30466,0,0,0,6.451613,2.508961,4.659498,104.4089966,210,Browning ,138,119.0617981,5.885129452,212,1.071322,520.2084104,227,14.03624249,0,6.930693,19.621962,65.256526,91.809181,4.230423,0,0,0,4.050405,0
10,1,3,Deciduous,SH,Summer,NA,NA,0.76,1.71,8.3,551.25,214605.9248,7000,32724.92347,7550,24.73308483,NA,NA,0.520525552,950.580053,0,3.035723686,0,5.197133,69.713262,20.430108,95.340503,0,0,0,3.584229,0,0,119.0617981,253,Bushnell HD,232,92.95980072,2.8624053,238,0.418124,950.5800525,356,270,0,11.071107,52.115212,23.40234,86.588659,0,3.060306,0,0.540054,8.550855,0.990099
11,31,3,Deciduous,BC,Summer,NA,NA,0.61,1.07,4.5,737.5,191816.2227,32333.33333,72518.43042,33070.83333,26.43346531,NA,NA,0.688304954,561.563156,251.565048,2.263636112,1.075269,0,1.25448,92.293907,93.548387,0,0,0,3.046595,2.867384,0,94.6006012,286,Bushnell HD,256,94.92060089,2.263636112,132,0,726.1271087,304,251.5650482,0.720072,1.260126,55.625563,35.553555,92.439244,0,0,0,0.990099,6.030603,0
14,17,3,Pine,WF,Summer,2.00520382,0.90743016,0.64,1.2,5.5,615,276722.182,9333.333333,48171.08736,9933.333333,32.48932693,5,19,0,637.188283,NA,0,1.971326,0,1.971326,83.512545,85.483871,0,0,0,1.792115,10.035842,0,96.86520386,144,Bushnell HD,189,95.92179871,2.263636112,132,0,726.1271087,288,251.5650482,0.720072,1.260126,55.625563,35.553555,92.439244,,,,0.990099,6.030603,
15,16,3,Pine,WHIP,Summer,4.543345543,1.712071491,0.66,1.45,8.5,815,489700.1727,37166.66667,35473.81705,37979.16667,52.51739898,8,14,0,637.188283,333.434937,3.199601412,3.405018,0,0.179211,85.663082,85.842293,0,0,0,0,10.9319,0,96.86520386,113,Browning ,164,85.59600067,5.438007832,121,0,726.1271087,297,23.19859,8.010801,2.070207,43.744374,41.044104,86.858685,0,0,0,1.260126,3.780378,0
17,7,3,Deciduous,BC,Summer,NA,NA,0.61,1.07,4.5,737.5,191816.2227,32333.33333,72518.43042,33070.83333,26.43346531,NA,NA,0,561.563156,177.709396,17.36706734,1.433692,0,0,95.698925,95.698925,0,0,0,0,3.0465595,0,94.6006012,236,Browning ,218,91.81259918,1.012750387,132,0,726.1271087,280,225,0.450045,1.350135,55.625563,35.373537,92.349235,0,0,0,0.990099,6.120612,0
18,18,3,Pine,DEG,Summer,1,0,0.34,0.61,3,346.875,352926.4533,1888.888889,3577.924967,2238.888889,35.65043782,NA,NA,0,950.580053,333.434937,3.199601412,0,5.197133,60.394265,30.286738,95.878136,0,0,0,4.121864,0,0,119.0617981,265,Browning ,64,89.65440369,2.8624053,138,0,637.1882833,286,0,3.240324,0,1.530153,80.378038,81.908191,0,0,0,0.180018,14.40144,0.270027
21,40,3,Pine,WF,Summer,NA,NA,0.64,1.2,5.5,615,276722.182,9333.333333,48171.08736,9933.333333,32.48932693,NA,2,0.714961978,561.563156,78.6900711,10.82504368,3.046595,0.179211,8.422939,85.304659,93.906809,0,0,0,0,3.225806,0,96.40039825,255,Bushnell HD,51,94.88400269,3.199601412,113,0.010084,637.1882833,164,333.4349365,2.880288,0,2.160216,78.217822,80.378038,0,0,0,0,16.831683,0
22,22,3,Pine,WHIP,Summer,,,0.66,1.45,8.5,815,489700.1727,37166.66667,35473.81705,37979.16667,52.51739898,NA,NA,0.888699578,474.131796,336.801422,5.438007832,0,1.075269,47.132616,49.462366,97.670251,0,0,0,0,1.433692,0.896057,93.27200317,254,Bushnell HD,105,94.0141983,9.094640732,113,0,637.1882833,13,231.3401947,0.270027,0,1.530153,75.337534,76.867687,0,0,0,0.630063,21.152115,0.990099
23,32,3,Deciduous,SH,Summer,5.084656085,1.799644894,0.76,1.71,8.3,551.25,214605.9248,7000,32724.92347,7550,24.73308483,8,10,0,637.188283,153.434952,18.54197884,0,0,0,49.641577,49.641577,0,4.659498,0,18.996416,25.985663,0,92.54319763,156,Bushnell HD,234,94.6006012,6.379370213,99,0.630696,726.1271087,206,333.4349365,0.090009,1.980198,12.331233,64.536454,78.847885,2.610261,0,0,0.090009,18.361836,0
24,25,3,Deciduous,BC,Summer,NA,NA,0.61,1.07,4.5,737.5,191816.2227,32333.33333,72518.43042,33070.83333,26.43346531,NA,NA,0.746943063,520.20841,14.0362425,5.885129452,0,4.83871,15.949821,76.702509,97.49104,1.25448,0,0,0,0.537634,0,97.375,212,Browning ,227,90.55780029,18.37304306,111,0.729694,726.1271087,51,289.7988892,0,2.250225,21.782178,50.315032,74.347435,2.970297,1.80018,0,0.630063,20.252025,0
25,38,3,Deciduous,SH,Summer,2.666666667,1.039720771,0.76,1.71,8.3,551.25,214605.9248,7000,32724.92347,7550,24.73308483,3,NA,0,726.127109,278.130096,5.051152706,2.150538,0,14.695341,80.107527,94.802868,0,0,0,3.584229,0,0,120.1684036,102,Browning ,233,85.30079651,5.051152706,102,0.335006,726.1271087,233,278.1300964,1.980198,0.090009,20.972097,67.776778,88.838884,0.810081,0.630063,0,3.780378,3.960396,0
27,35,3,Pine,DEG,Summer,2,0.693147181,0.34,0.61,3,346.875,352926.4533,1888.888889,3577.924967,2238.888889,35.65043782,2,1,0,637.188283,245.556046,8.588925362,0,0,0,89.605735,89.605735,0,0,0,4.301075,3.225806,3.584229,92.54319763,128,Browning ,233,97.68659973,17.36706734,236,0,561.5631565,218,177.7093964,2.160216,0,1.440144,92.079208,93.519352,0,0,0,0,4.590459,0
28,8,3,Pine,DEG,Summer,NA,NA,0.34,0.61,3,346.875,352926.4533,1888.888889,3577.924967,2238.888889,35.65043782,NA,NA,0.968969565,561.563156,333.434937,6.379370213,2.688172,3.225806,9.677419,71.326165,84.22939,0,0,0,0,12.903225,0,92.95980072,257,Browning ,71,92.54319763,16.05431557,257,0.537096,561.5631565,331,124.3803482,0.450045,3.060306,6.030603,88.388839,97.479748,0,0,0,0,1.980198,0
30,6,3,Deciduous,BC,Summer,NA,NA,0.61,1.07,4.5,737.5,191816.2227,32333.33333,72518.43042,33070.83333,26.43346531,NA,NA,0.787470647,950.580053,0,5.710593224,5.913978,0.179211,4.121864,83.154122,87.455197,0,0,0,1.971326,5.197133,0,102.7360001,305,Bushnell HD,358,122.7335968,2.263636112,246,0,474.1317962,200,108.4349518,2.070207,3.330333,14.941494,36.183618,54.455445,0,0,0,0,43.294329,0
31,3,3,Pine,WHIP,Summer,2,1.037392325,0.66,1.45,8.5,815,489700.1727,37166.66667,35473.81705,37979.16667,52.51739898,5,11,0.3535004,561.563156,237.528809,9.256682396,0,0.716846,0,98.566308,99.283154,0,0,0,0,0.896057,0,99.28639984,270,Bushnell HD,244,97.57499695,6.762860775,131,0,637.1882833,56,108.4349518,4.50045,0,0,76.237624,76.237624,0,0,0,0.720072,13.321332,4.860486
32,26,3,Pine,WF,Summer,2.40974212,1.298169632,0.64,1.2,5.5,615,276722.182,9333.333333,48171.08736,9933.333333,32.48932693,7,18,0,637.188283,108.434952,6.762860775,4.121864,0,0,80.46595,80.46595,0,0,0,0,8.064516,7.885305,94.92060089,131,Browning ,56,84.79499817,11.30993271,119,0.50759,726.1271087,263,180,0.360036,2.520252,24.572457,61.746175,88.838884,1.980198,0,0,3.150315,4.680468,0.810081
33,23,3,Deciduous,DON,Summer,2.907915994,1.212153251,0.76,1.63,7.3,665.2777778,260941.2749,3000,4450.589593,3633.333333,26.53918644,5,14,0.599027752,520.20841,206.565048,3.199601412,1.075269,2.688172,13.978495,60.573477,77.240144,4.121864,0,0,8.243728,6.451613,3.405018,99.76599884,200,Browning ,21,123.1381989,1.012750387,256,0.249187,474.1317962,348,315,2.610261,2.430243,47.70477,35.643564,85.778577,0,0,0,0.810081,9.720972,1.080108
1,23,4,Pine,DEG,Fall,4.658064516,1.721241237,0.34,0.61,3,346.875,352926.4533,1888.888889,3577.924967,2238.888889,35.65043782,8,12,0,726.127109,15.2551184,8.111279488,0.358423,1.25448,48.028674,50,99.283154,0,0,0,0,0.358423,0,94.0141983,127,Bushnell HD,142,96.86520386,4.168739796,250,0.999379,474.1317962,298,59.03624344,0.810081,3.870387,60.39604,15.841584,80.108011,0.630063,0,0,0.990099,16.471647,0.990099
2,7,4,Deciduous,SH,Fall,3.769230769,1.351783994,0.76,1.71,8.3,551.25,214605.9248,7000,32724.92347,7550,24.73308483,4,NA,0,561.563156,189.462326,8.646670341,3.942652,0.716846,6.630824,86.55914,93.90681,0,0,0,0,2.867384,0,97.68659973,251,Bushnell HD,200,98.40180206,0,250,0.998469,474.1317962,218,NA,0.450045,1.170117,53.555356,28.442844,83.168317,0,0,0,4.140414,11.971197,0
3,39,4,Pine,WF,Fall,1.689655172,0.598269589,0.64,1.2,5.5,615,276722.182,9333.333333,48171.08736,9933.333333,32.48932693,2,5,0,561.563156,270,4.289153576,0.358423,4.121864,3.942652,86.55914,94.623656,0,0,0,0,4.301075,0,97.68659973,279,Bushnell HD,172,98.40180206,0,262,0.324411,474.1317962,157,NA,3.60036,1.80018,34.473447,45.0045,81.278127,0,0,0,0.810081,14.311431,0
4,12,4,Deciduous,BC,Fall,2.574468085,1.120950393,0.61,1.07,4.5,737.5,191816.2227,32333.33333,72518.43042,33070.83333,26.43346531,4,6,0,637.188283,NA,0,2.508961,0,0.716846,88.172043,88.888889,0,0,0,0,8.064516,0,89.65440369,140,Bushnell HD,178,96.86520386,0,250,0.450578,474.1317962,18,NA,0.810081,0.90009,60.39604,22.232223,83.528353,0,0,0,0,14.131413,1.620162
5,34,4,Pine,WF,Fall,1.507692308,0.519579839,0.64,1.2,5.5,615,276722.182,9333.333333,48171.08736,9933.333333,32.48932693,2,11,0,950.580053,341.5651,4.520227432,2.150538,10.9319,58.243728,17.383513,86.559141,0,0,0,0,10.394265,0,98.48180389,222,Browning ,224,91.68359375,8.588925362,128,0,637.1882833,233,245.5560455,0.90009,0,0,80.19802,80.19802,0,0,0,2.340234,11.70117,4.680468
6,5,4,Pine,DEG,Fall,NA,NA,0.34,0.61,3,346.875,352926.4533,1888.888889,3577.924967,2238.888889,35.65043782,NA,NA,0,637.188283,0,2.8624053,0,0,1.612903,91.577061,93.189964,0,0,0,0,6.451613,0,89.65440369,138,Browning ,286,104.4089966,15.61612988,195,0,561.5631565,185,349.6951599,3.510351,1.170117,4.230423,90.009001,95.409541,0,0,0,0,1.647059,0
7,42,4,Pine,WHIP,Fall,4.544055944,1.735000213,0.66,1.45,8.5,815,489700.1727,37166.66667,35473.81705,37979.16667,52.51739898,8,7,0,637.188283,220.236359,12.01703548,6.451613,0,0,85.304659,85.304659,0,0,0,1.792115,6.09319,0,89.65440369,144,Browning ,270,89.65440369,12.01703548,144,0,637.1882833,270,220.2363586,4.320432,0,0,86.948695,86.948695,0,0,0,4.050405,5.040504,0
10,35,4,Deciduous,DON,Fall,4.481481481,1.546598686,0.76,1.63,7.3,665.2777778,260941.2749,3000,4450.589593,3633.333333,26.53918644,5,2,0.676785306,950.580053,315,1.012750387,0,2.329749,57.706093,29.21147,89.247312,0,4.83871,0,6.451613,0,0,119.0617981,263,Bushnell HD,178,94.6989975,3.199601412,147,0,637.1882833,199,296.5650635,4.140414,0,0,83.438344,83.438344,0,0,0,3.330333,8.730873,0
14,25,4,Deciduous,DON,Fall,2.777777778,1.054920168,0.76,1.63,7.3,665.2777778,260941.2749,3000,4450.589593,3633.333333,26.53918644,3,2,1.053959516,561.563156,108.434952,8.984876633,1.075269,2.867384,0,84.946237,87.813621,0,0,0,0,10.035842,0,95.92179871,279,Browning ,196,119.0617981,6.137379646,273,0.804834,520.2084104,51,305.5376892,0,3.960396,13.681368,76.417642,94.059406,0,0.450045,0,0,4.680468,0.360036
15,6,4,Deciduous,SH,Fall,1.898702461,0.919312403,0.76,1.71,8.3,551.25,214605.9248,7000,32724.92347,7550,24.73308483,8,141,0,950.580053,270,2.8624053,0,11.648746,57.34767,22.759857,91.756273,0,0,0,1.075269,7.168459,0,119.0617981,238,Browning ,356,96.62519836,1.012750387,199,1.088857,520.2084104,58,315,0,0.90009,19.891989,56.975698,77.767777,3.420342,0,0,10.261026,8.640864,0
17,26,4,Pine,WHIP,Fall,4.128440367,1.72213996,0.66,1.45,8.5,815,489700.1727,37166.66667,35473.81705,37979.16667,52.51739898,9,7,0,637.188283,296.565063,3.199601412,6.09319,0,0,89.605735,89.605735,0,0,0,1.792115,3.225806,0,96.86520386,147,Browning ,199,99.76599884,3.199601412,200,0.663325,520.2084104,21,206.5650482,0.540054,2.610261,18.181818,61.29613,82.088209,4.680468,0,0,5.130513,4.950495,2.880288
18,11,4,Deciduous,BC,Fall,NA,NA,0.61,1.07,4.5,737.5,191816.2227,32333.33333,72518.43042,33070.83333,26.43346531,NA,NA,1.114233878,520.20841,258.690063,3.64697051,0,9.856631,46.774194,40.501792,97.132617,0,0,0,0.358423,2.688172,0,85.59600067,215,Browning ,334,99.28639984,3.64697051,215,0,520.2084104,334,258.6900635,0.180018,8.820882,35.463546,49.774977,94.059405,0,0,0,2.160216,1.530153,1.710171
21,40,4,Deciduous,DON,Fall,3.368421053,1.559581156,0.76,1.63,7.3,665.2777778,260941.2749,3000,4450.589593,3633.333333,26.53918644,7,NA,0.763104644,950.580053,258.690063,3.64697051,0,12.724014,22.222222,63.978495,98.924731,0,0,0,0,0,0,98.8789978,250,Bushnell HD,185,99.76599884,0,196,0.357784,520.2084104,17,NA,0,0,8.820882,41.944194,50.765076,0.090009,14.311431,0,28.892889,6.210621,0
23,24,4,Deciduous,SH,Fall,2.293650794,1.08693416,0.76,1.71,8.3,551.25,214605.9248,7000,32724.92347,7550,24.73308483,6,2,1.280475657,520.20841,131.185928,14.88256741,0,5.376344,21.326165,66.308244,93.010753,5.734767,0,0,0,1.075269,0,97.375,227,Bushnell HD,168,96.62519836,14.30291462,210,0,520.2084104,138,258.6900635,0.540054,5.220522,27.0027,56.705671,88.928893,0,0,0,5.130513,3.060306,2.880288
27,41,4,Deciduous,BC,Fall,3.27027027,1.263654432,0.61,1.07,4.5,737.5,191816.2227,32333.33333,72518.43042,33070.83333,26.43346531,4,4,0.015118817,520.20841,305.537689,6.137379646,0,4.121864,5.376344,84.587814,94.086022,0,0,0,0,6.272401,0,91.19300079,273,Browning ,51,96.56919861,2.8624053,210,0.742934,950.5800525,180,0,0.090009,5.130513,24.122412,32.673267,61.926192,2.520252,17.191719,0,1.080108,16.831683,0
28,1,4,Deciduous,SH,Fall,1.638680963,0.897604113,0.76,1.71,8.3,551.25,214605.9248,7000,32724.92347,7550,24.73308483,9,15,0.723268761,950.580053,0,2.8624053,0,2.688172,27.240143,38.351254,68.279569,1.075269,4.659498,0,1.612903,24.910394,0,98.3769989,210,Browning ,180,99.28639984,3.199601412,206,1.159804,520.2084104,16,26.56505013,0,4.770477,22.682268,65.256526,92.709271,4.950495,0,0,0,2.430243,0
30,17,4,Deciduous,DON,Fall,1,0,0.76,1.63,7.3,665.2777778,260941.2749,3000,4450.589593,3633.333333,26.53918644,1,9,0.820708428,474.131796,302.471191,9.256682396,0,1.433692,78.853047,15.232975,95.519714,0,0,0,0,1.792115,3.225806,98.40180206,260,Bushnell HD,30,87.71920013,0,237,0.212374,950.5800525,70,NA,0,15.751575,32.043204,38.613861,86.40864,0,0,0,2.070207,11.071107,0.630063
31,15,4,Pine,WHIP,Fall,2.126090994,1.064030442,0.66,1.45,8.5,815,489700.1727,37166.66667,35473.81705,37979.16667,52.51739898,8,68,0,520.20841,180,11.30993271,0,1.612903,13.261649,76.164875,91.039427,0,0,0,9.498208,0,0,99.76599884,189,Bushnell HD,233,120.1684036,6.379370213,257,0.701699,561.5631565,71,333.4349365,2.520252,2.970297,10.80108,71.467147,85.238524,0,0,0,0,12.151215,0
32,13,4,Pine,WHIP,Fall,1.141316073,0.282600107,0.66,1.45,8.5,815,489700.1727,37166.66667,35473.81705,37979.16667,52.51739898,3,43,0,561.563156,295.016907,11.69020844,0,0,3.405018,96.774194,100.179212,0,0,0,0,0.896057,0,99.28639984,227,Browning ,278,92.95980072,3.199601412,265,0.452698,950.5800525,64,333.4349365,0,6.570657,49.864986,40.774077,97.20972,0,0,0,2.970297,0,0
33,38,4,Pine,DEG,Fall,3.126394052,1.479834859,0.34,0.61,3,346.875,352926.4533,1888.888889,3577.924967,2238.888889,35.65043782,7,15,0.247407766,474.131796,98.1301041,5.051152706,2.329749,1.075269,46.415771,33.870968,81.362008,0,0,0,1.971326,14.516129,0.537634,98.40180206,249,Browning ,235,102.7360001,5.051152706,249,0.233927,474.1317962,235,98.13010406,2.160216,1.980198,54.905491,25.112511,81.9982,0,0,0,2.520252,12.331233,1.080108
34,21,4,Pine,WF,Fall,1.649620587,0.89380776,0.64,1.2,5.5,615,276722.182,9333.333333,48171.08736,9933.333333,32.48932693,7,77,0.983261847,950.580053,296.565063,3.199601412,0,0.716846,40.501792,57.526882,98.74552,0,0,0,0,1.433692,0,102.7360001,350,Browning ,129,97.375,3.199601412,350,1.102746,950.5800525,129,296.5650635,0,3.60036,27.182718,66.516652,97.29973,0.360036,0,0,0,2.340234,0.090009
35,16,4,Deciduous,BC,Fall,1.529100529,0.672396262,0.61,1.07,4.5,737.5,191816.2227,32333.33333,72518.43042,33070.83333,26.43346531,4,27,0,637.188283,71.5650482,2.263636112,2.688172,0,0,82.616487,82.616487,0,0,0,0,14.874552,0,90.55780029,142,Browning ,14,98.3769989,2.263636112,142,0,637.1882833,14,71.56504822,1.530153,1.080108,4.230423,80.738074,86.048605,0,0,0,0,12.151215,0
36,32,4,Pine,WF,Fall,6.063732233,1.906882424,0.64,1.2,5.5,615,276722.182,9333.333333,48171.08736,9933.333333,32.48932693,9,17,0,950.580053,NA,0,2.150538,7.168459,43.010753,30.645161,80.824373,0,0.179211,0,0,17.383513,0,102.7360001,222,Browning ,236,91.19300079,0,222,0,950.5800525,236,NA,1.080108,6.210621,38.343834,33.393339,77.947794,0,8.10081,0,0,12.60126,0
37,31,4,Pine,DEG,Fall,5.433268859,1.923162474,0.34,0.61,3,346.875,352926.4533,1888.888889,3577.924967,2238.888889,35.65043782,10,12,0,474.131796,NA,0,1.612903,0,6.630824,75.448029,82.078853,0,0,0,0,17.204301,0,98.40180206,249,Browning ,173,102.7360001,0,249,0,474.1317962,173,NA,0.810081,2.160216,15.841584,67.866787,85.868587,0,0,0,0.180018,12.781278,0